id,code,translations,valid_from,created_at,created_by,updated_at,updated_by,version
1,insurance,"{""cs"":{""name"":""Pojištění"",""description"":""Pojištění""},""en"":{""name"":""Insurance"",""description"":""Insurance""}}",current_timestamp(),2026-05-31 09:04:59.000,SYSTEM,,,0
2,with,"{""cs"":{""name"":""S dalším dítětem"",""description"":""S dalším dítětem""},""en"":{""name"":""With other child"",""description"":""With other child""}}",current_timestamp(),2026-05-31 09:04:59.000,SYSTEM,,,0
3,alergy,"{""cs"":{""name"":""Alergie"",""description"":""Příznaky alergie""},""en"":{""name"":""Alergy"",""description"":""Alergy symptoms""}}",current_timestamp(),2026-05-31 09:04:59.000,SYSTEM,,,0
4,illness,"{""cs"":{""name"":""Nemoc"",""description"":""Nemoc v nedávné době""},""en"":{""name"":""Illness"",""description"":""Illness in the recent past""}}",current_timestamp(),2026-05-31 09:04:59.000,SYSTEM,,,0
5,medication,"{""cs"":{""name"":""Užívání léků"",""description"":""Užívání léků""},""en"":{""name"":""Medication"",""description"":""Taking medication""}}",current_timestamp(),2026-05-31 09:04:59.000,SYSTEM,,,0
6,infection,"{""cs"":{""name"":""Infekce"",""description"":""Infekce nebo nakažlivé onemocnění v nedávné době""},""en"":{""name"":""Infection"",""description"":""Infection or contagious illness in the recent past""}}",current_timestamp(),2026-05-31 09:04:59.000,SYSTEM,,,0
7,illMonth,"{""cs"":{""name"":""Nemoc v posledním měsíci"",""description"":""Nemoc v posledním měsíci""},""en"":{""name"":""Illness in the last month"",""description"":""Illness in the last month""}}",current_timestamp(),2026-05-31 09:04:59.000,SYSTEM,,,0
8,movement,"{""cs"":{""name"":""Omezení pohybu"",""description"":""Omezení pohybu""},""en"":{""name"":""Movement disability"",""description"":""Movement disability""}}",current_timestamp(),2026-05-31 09:04:59.000,SYSTEM,,,0
9,others,"{""cs"":{""name"":""Ostatní"",""description"":""Ostatní informace""},""en"":{""name"":""Others"",""description"":""Others information""}}",current_timestamp(),2026-05-31 09:04:59.000,SYSTEM,,,0
10,swimmer,"{""cs"":{""name"":""Plavec"",""description"":""Je plavec""},""en"":{""name"":""Is swimmer"",""description"":""Is swimmer""}}",current_timestamp(),2026-05-31 09:04:59.000,SYSTEM,,,0
11,zs,"{""cs"":{""name"":""Žák základní školy"",""description"":""Žák místní základní školy""},""en"":{""name"":""Student of primary school"",""description"":""Student of local primary school""}}",current_timestamp(),2026-05-31 09:04:59.000,SYSTEM,,,0
12,gdprAgreed,"{""cs"":{""name"":""Souhlas s GDPR"",""description"":""Udělen souhlas se zpracováním osobních údajů""},""en"":{""name"":""GDPR agreed"",""description"":""Gave GDPR agreement""}}",current_timestamp(),2026-05-31 09:04:59.000,SYSTEM,,,0
13,vopAgreed,"{""cs"":{""name"":""Souhlas s obchodními podmínkami"",""description"":""Souhlas s všeobecnými a obchodními podmínkami""},""en"":{""name"":""Terms and conditions agreed"",""description"":""General and business terms and conditions agreed""}}",current_timestamp(),2026-05-31 09:04:59.000,SYSTEM,,,0
14,discountName,"{""cs"":{""name"":""Jméno osoby pro slevu"",""description"":""Jméno osoby, na kterou má být sleva uplatněna""},""en"":{""name"":""Name of person for discount"",""description"":""Name of the person to whom the discount should be applied""}}",current_timestamp(),2026-05-31 09:04:59.000,SYSTEM,,,0
15,firstCamp,"{""cs"":{""name"":""První tábor dítěte"",""description"":""První tábor dítěte""},""en"":{""name"":""Child's first camp"",""description"":""Child's first camp""}}",current_timestamp(),2026-05-31 09:04:59.000,SYSTEM,,,0
16,findings,"{""cs"":{""name"":""Zdroj informace"",""description"":""Zdroj, ze kterého jsme se o vás dozvěděli""},""en"":{""name"":""Source of information"",""description"":""Source from which learned""}}",current_timestamp(),2026-05-31 09:04:59.000,SYSTEM,,,0